{
  "exp_id": "hyperparam_tuning_20260111_191100",
  "seed": 64,
  "epochs": 200,
  "img_size": 256,
  "batch": 16,
  "patience": 15,
  "models": [
    "yolov8l",
    "yolo12l",
    "rtdetr-l"
  ],
  "results": [
    {
      "model": "yolov8l",
      "tuned": true,
      "val_precision": 0.6670558446496875,
      "val_recall": 0.4820801124385102,
      "val_f1": 0.5596797746481414,
      "val_map50": 0.5103929753099101,
      "test_precision": 0.6630490379152187,
      "test_recall": 0.5478260869565217,
      "test_f1": 0.5999549457461731,
      "test_map50": 0.5606053956836281
    },
    {
      "model": "yolo12l",
      "tuned": true,
      "val_precision": 0.7496910710409888,
      "val_recall": 0.6584680252986648,
      "val_f1": 0.7011242548565035,
      "val_map50": 0.6278865717133826,
      "test_precision": 0.8020100560570984,
      "test_recall": 0.6939130434782609,
      "test_f1": 0.7440554491656509,
      "test_map50": 0.7081581631656102
    },
    {
      "model": "rtdetr-l",
      "tuned": true,
      "val_precision": 0.7518724081436939,
      "val_recall": 0.7052002810962755,
      "val_f1": 0.7277883575648632,
      "val_map50": 0.663605247433195,
      "test_precision": 0.7805701427128482,
      "test_recall": 0.7330434782608696,
      "test_f1": 0.7560601549590147,
      "test_map50": 0.7057608409453239
    }
  ],
  "best_model": "yolo12l",
  "best_test_map50": 0.7081581631656102
}