{
  "exp_id": "default_run_20260111_200230",
  "seed": 64,
  "epochs": 200,
  "img_size": 256,
  "batch": 16,
  "patience": 15,
  "models": [
    "yolov8l",
    "yolo12l",
    "rtdetr-l"
  ],
  "results": [
    {
      "model": "yolov8l",
      "tuned": false,
      "val_precision": 0.724342425425711,
      "val_recall": 0.6296556570625439,
      "val_f1": 0.6736877620057901,
      "val_map50": 0.6036539093756502,
      "test_precision": 0.7639583567559957,
      "test_recall": 0.662608695652174,
      "test_f1": 0.7096828636364737,
      "test_map50": 0.6740064539588758
    },
    {
      "model": "yolo12l",
      "tuned": false,
      "val_precision": 0.7384847699003805,
      "val_recall": 0.6399844159521548,
      "val_f1": 0.685714858405818,
      "val_map50": 0.6268779528127583,
      "test_precision": 0.7749326631886737,
      "test_recall": 0.6643478260869565,
      "test_f1": 0.7153914421733791,
      "test_map50": 0.6674803022707327
    },
    {
      "model": "rtdetr-l",
      "tuned": false,
      "val_precision": 0.7395944531311294,
      "val_recall": 0.6848208011243851,
      "val_f1": 0.7111540104758682,
      "val_map50": 0.6432297054798812,
      "test_precision": 0.7550354164966881,
      "test_recall": 0.7424137916975745,
      "test_f1": 0.7486709118738781,
      "test_map50": 0.7035455883621571
    }
  ],
  "best_model": "rtdetr-l",
  "best_test_map50": 0.7035455883621571
}